City_ID,City,Country,Date,Lat,Lng,Max Temp,Humidity,Cloudiness,Wind Speed
0,Rocha,UY,2022-03-23 05:32:15,-34.4833,-54.3333,64.06,94,93,3.33
1,Tiksi,RU,2022-03-23 05:32:15,71.6872,128.8694,-2.56,93,64,2.19
2,Victoria,HK,2022-03-23 05:32:13,22.2855,114.1577,64.26,90,100,5.01
3,Ribeira Grande,PT,2022-03-23 05:32:16,38.5167,-28.7,60.3,68,92,10.33
4,Hobyo,SO,2022-03-23 05:32:16,5.3505,48.5268,82.15,64,57,7.11
5,Kruisfontein,ZA,2022-03-23 05:32:17,-34.0033,24.7314,63.88,75,0,3.0
6,Sobolevo,RU,2022-03-23 05:32:17,54.4299,31.8996,31.8,98,100,4.16
7,Saint-Georges,GD,2022-03-23 05:32:18,12.0564,-61.7485,78.48,78,40,17.27
8,Luderitz,NA,2022-03-23 05:32:19,-26.6481,15.1594,63.81,86,0,10.8
9,Namibe,AO,2022-03-23 05:32:19,-15.1961,12.1522,74.19,84,100,3.29
10,Kirakira,SB,2022-03-23 05:32:20,-10.4544,161.9205,83.32,73,79,5.28
11,Atar,MR,2022-03-23 05:32:20,20.5169,-13.0499,68.31,25,1,12.88
12,Hilo,US,2022-03-23 05:30:26,19.7297,-155.09,74.93,84,40,4.61
13,Saint-Philippe,RE,2022-03-23 05:32:21,-21.3585,55.7679,83.79,82,13,10.13
14,Bilibino,RU,2022-03-23 05:32:21,68.0546,166.4372,18.73,92,86,2.59
15,Aklavik,CA,2022-03-23 05:32:22,68.2191,-135.0107,-7.11,98,100,15.1
16,Georgetown,MY,2022-03-23 05:30:29,5.4112,100.3354,93.13,74,20,7.0
17,Poum,NC,2022-03-23 05:32:22,-20.2333,164.0167,80.15,75,75,13.13
18,Qaanaaq,GL,2022-03-23 05:32:23,77.484,-69.3632,-7.89,97,100,3.42
19,Punta Arenas,CL,2022-03-23 05:32:23,-53.15,-70.9167,39.31,65,0,12.66
20,Volokonovka,RU,2022-03-23 05:32:24,50.4827,37.8563,31.46,95,48,3.87
21,Cape Town,ZA,2022-03-23 05:32:24,-33.9258,18.4232,71.11,81,40,4.61
22,Carnarvon,AU,2022-03-23 05:32:25,-24.8667,113.6333,84.27,54,40,14.97
23,Busselton,AU,2022-03-23 05:32:25,-33.65,115.3333,77.72,31,1,3.44
24,Kalmunai,LK,2022-03-23 05:32:26,7.4167,81.8167,85.98,68,22,7.27
25,Bluff,NZ,2022-03-23 05:32:26,-46.6,168.3333,62.01,84,26,10.09
26,Rikitea,PF,2022-03-23 05:32:27,-23.1203,-134.9692,79.02,74,32,11.23
27,Itoman,JP,2022-03-23 05:30:18,26.1247,127.6694,69.82,96,75,11.5
28,Yellowknife,CA,2022-03-23 05:32:28,62.456,-114.3525,7.41,88,100,14.97
29,Hobart,AU,2022-03-23 05:30:01,-42.8794,147.3294,62.46,54,0,17.27
30,San Quintin,MX,2022-03-23 05:32:28,30.4833,-115.95,61.03,74,1,3.38
31,Korla,CN,2022-03-23 05:32:28,41.7597,86.1469,56.12,38,44,16.69
32,Uray,RU,2022-03-23 05:32:29,60.1247,64.7758,27.32,84,90,13.13
33,Leningradskiy,RU,2022-03-23 05:32:30,69.3833,178.4167,16.84,90,54,4.92
34,Leku,ET,2022-03-23 05:32:30,6.8667,38.45,70.09,58,68,2.89
35,Pisco,PE,2022-03-23 05:32:31,-13.7,-76.2167,66.25,82,0,11.5
36,Henties Bay,NA,2022-03-23 05:32:31,-22.116,14.2845,68.72,89,100,9.48
37,Mogadishu,SO,2022-03-23 05:28:04,2.0371,45.3438,82.27,83,40,8.05
38,Asau,RO,2022-03-23 05:32:32,46.4333,26.4,40.95,66,0,4.05
39,Mumford,GH,2022-03-23 05:32:32,5.2618,-0.759,80.71,85,100,10.0
40,Accra,GH,2022-03-23 05:30:20,5.556,-0.1969,82.81,83,40,8.05
41,Thompson,CA,2022-03-23 05:32:33,55.7435,-97.8558,30.36,86,100,12.66
42,Ransang,PH,2022-03-23 05:32:33,8.9603,117.5828,83.98,73,100,3.38
43,Muzhi,RU,2022-03-23 05:32:34,65.3667,64.6667,25.99,77,72,17.22
44,Avera,US,2022-03-23 05:32:34,33.194,-82.5271,64.45,81,100,15.23
45,Okha,RU,2022-03-23 05:32:35,53.5739,142.9478,21.78,74,18,13.69
46,Chicama,PE,2022-03-23 05:32:35,-7.8447,-79.1469,64.94,79,87,5.01
47,Casablanca,MA,2022-03-23 05:32:36,33.5928,-7.6192,55.62,92,100,6.62
48,Hamilton,US,2022-03-23 05:32:09,39.1834,-84.5333,65.03,57,100,12.66
49,Ushuaia,AR,2022-03-23 05:30:31,-54.8,-68.3,38.86,81,40,18.41
50,Zhigansk,RU,2022-03-23 05:32:37,66.7697,123.3711,8.85,91,100,6.2
51,Faanui,PF,2022-03-23 05:32:37,-16.4833,-151.75,81.55,72,99,9.75
52,Saint George,US,2022-03-23 05:31:17,37.1041,-113.5841,59.25,29,0,19.57
53,Vila,PT,2022-03-23 05:27:57,42.0304,-8.1588,41.88,94,100,0.83
54,Narsaq,GL,2022-03-23 05:32:38,60.9167,-46.05,23.22,69,100,8.86
55,Glendive,US,2022-03-23 05:32:38,47.1053,-104.7125,37.02,52,0,9.22
56,Rumoi,JP,2022-03-23 05:32:39,43.9344,141.6428,39.85,67,100,11.16
57,Mataura,NZ,2022-03-23 05:32:39,-46.1927,168.8643,70.29,68,11,1.07
58,Sinnamary,GF,2022-03-23 05:32:40,5.3833,-52.95,74.77,97,100,7.85
59,Kodiak,US,2022-03-23 05:32:41,57.79,-152.4072,29.71,80,100,8.05
60,Vaini,TO,2022-03-23 05:32:41,-21.2,-175.2,78.96,89,100,6.91
61,Safonovo,RU,2022-03-23 05:32:42,55.15,33.2167,33.69,86,21,3.56
62,Mehamn,NO,2022-03-23 05:32:42,71.0357,27.8492,28.35,69,75,11.5
63,Barrow,US,2022-03-23 05:32:43,71.2906,-156.7887,-14.78,70,0,12.66
64,Hasaki,JP,2022-03-23 05:32:43,35.7333,140.8333,48.6,50,95,12.12
65,Acapulco,MX,2022-03-23 05:29:31,16.8634,-99.8901,76.82,88,0,4.61
66,Hithadhoo,MV,2022-03-23 05:32:44,-0.6,73.0833,84.18,67,0,15.12
67,Jamestown,US,2022-03-23 05:32:44,42.097,-79.2353,45.95,26,100,6.91
68,Hofn,IS,2022-03-23 05:32:45,64.2539,-15.2082,40.86,90,100,9.15
69,Itaqui,BR,2022-03-23 05:32:45,-29.1253,-56.5531,69.8,94,83,12.1
70,Teguldet,RU,2022-03-23 05:32:46,57.3064,88.1667,22.19,89,100,9.62
71,Sao Joao Da Barra,BR,2022-03-23 05:32:46,-21.6403,-41.0511,74.26,67,70,10.18
72,Las Vegas,US,2022-03-23 05:29:53,36.175,-115.1372,66.88,24,0,19.57
73,Najran,SA,2022-03-23 05:32:47,17.4924,44.1277,72.25,21,3,5.44
74,Ponta Do Sol,PT,2022-03-23 05:32:47,32.6667,-17.1,60.06,72,38,13.49
75,Klaksvik,FO,2022-03-23 05:32:48,62.2266,-6.589,47.32,94,100,17.65
76,Remanso,BR,2022-03-23 05:32:48,-9.6179,-42.0831,78.04,68,82,11.1
77,Broome,US,2022-03-23 05:32:49,42.2506,-75.833,34.02,58,0,8.05
78,Albany,US,2022-03-23 05:30:01,42.6001,-73.9662,32.05,64,50,2.1
79,Atuona,PF,2022-03-23 05:32:50,-9.8,-139.0333,79.21,81,100,17.98
80,Saint-Augustin,CA,2022-03-23 05:32:50,51.226,-58.6502,34.41,76,93,24.94
81,New Norfolk,AU,2022-03-23 05:32:51,-42.7826,147.0587,62.1,57,75,4.0
82,Pandan,PH,2022-03-23 05:32:51,14.0453,124.1694,85.35,67,94,5.75
83,Bethel,US,2022-03-23 05:32:52,41.3712,-73.414,41.94,48,0,6.91
84,Kapaa,US,2022-03-23 05:32:52,22.0752,-159.319,75.18,82,20,19.57
85,Palmer,US,2022-03-23 05:32:53,42.1584,-72.3287,36.77,50,0,5.75
86,Buala,SB,2022-03-23 05:32:53,-8.145,159.5921,82.83,77,93,4.14
87,Severo-Kurilsk,RU,2022-03-23 05:32:54,50.6789,156.125,29.93,59,69,19.44
88,Salinopolis,BR,2022-03-23 05:32:54,-0.6136,-47.3561,76.48,90,100,5.06
89,Palu,ID,2022-03-23 05:32:55,-0.8917,119.8707,80.78,81,100,2.13
90,Hermanus,ZA,2022-03-23 05:32:55,-34.4187,19.2345,70.81,91,100,7.7
91,Buchanan,LR,2022-03-23 05:32:56,5.8808,-10.0467,77.92,92,96,2.98
92,Inhumas,BR,2022-03-23 05:32:56,-16.3578,-49.4961,71.33,72,98,3.71
93,Tuktoyaktuk,CA,2022-03-23 05:32:57,69.4541,-133.0374,-16.6,76,40,20.71
94,Nanortalik,GL,2022-03-23 05:32:57,60.1432,-45.2371,21.79,77,99,8.3
95,Benguela,AO,2022-03-23 05:32:58,-12.5763,13.4055,77.81,87,100,3.49
96,San Cristobal,VE,2022-03-23 05:32:58,7.7669,-72.225,71.78,80,65,1.1
97,Boone,US,2022-03-23 05:32:59,39.0334,-92.3335,53.4,96,98,7.34
98,Arraial Do Cabo,BR,2022-03-23 05:33:00,-22.9661,-42.0278,74.32,69,56,16.96
99,Joshimath,IN,2022-03-23 05:33:00,30.5667,79.5667,70.65,27,0,8.5
100,Torbay,CA,2022-03-23 05:33:00,47.6666,-52.7314,30.58,79,75,14.97
101,Myitkyina,MM,2022-03-23 05:33:01,25.3833,97.4,88.68,42,96,7.85
102,Bengkulu,ID,2022-03-23 05:33:02,-3.8004,102.2655,85.41,66,33,9.53
103,Weyburn,CA,2022-03-23 05:33:02,49.6668,-103.8511,26.82,86,5,5.75
104,Nizhniy Kuranakh,RU,2022-03-23 05:33:03,58.8353,125.4869,27.09,78,100,7.4
105,Severobaykalsk,RU,2022-03-23 05:33:03,55.65,109.3167,20.12,88,100,2.57
106,Aban,RU,2022-03-23 05:33:04,56.67,96.06,28.87,80,89,8.41
107,Bosaso,SO,2022-03-23 05:33:04,11.2842,49.1816,82.38,74,0,17.27
108,Westport,US,2022-03-23 05:30:03,41.1415,-73.3579,43.75,42,0,8.99
109,Kashary,RU,2022-03-23 05:33:05,49.04,41.0056,37.29,50,3,5.77
110,Sovetskiy,RU,2022-03-23 05:33:05,61.3614,63.5842,28.74,76,77,12.53
111,Port Elizabeth,ZA,2022-03-23 05:33:06,-33.918,25.5701,67.32,99,2,3.0
112,Zeya,RU,2022-03-23 05:33:06,53.75,127.2667,32.29,55,32,4.79
113,Lebu,CL,2022-03-23 05:31:11,-37.6167,-73.65,57.09,84,95,9.42
114,Tadine,NC,2022-03-23 05:33:07,-21.55,167.8833,77.72,75,97,11.95
115,Sampit,ID,2022-03-23 05:33:07,-2.5333,112.95,92.28,43,100,3.09
116,Katsuura,JP,2022-03-23 05:33:08,35.1333,140.3,50.32,58,92,13.31
117,Dunedin,NZ,2022-03-23 05:32:30,-45.8742,170.5036,60.8,92,6,8.01
118,Butaritari,KI,2022-03-23 05:33:08,3.0707,172.7902,81.41,74,83,15.97
119,Bealanana,MG,2022-03-23 05:33:09,-14.55,48.7333,72.52,78,51,4.43
120,Sao Filipe,CV,2022-03-23 05:33:09,14.8961,-24.4956,69.08,75,8,12.33
121,Yerbogachen,RU,2022-03-23 05:33:10,61.2767,108.0108,24.71,83,100,7.56
122,Balabac,PH,2022-03-23 05:33:10,7.9868,117.0645,84.2,70,100,5.64
123,Codrington,AU,2022-03-23 05:33:11,-38.2667,141.9667,62.37,52,35,10.29
124,Abu Road,IN,2022-03-23 05:33:11,24.4833,72.7833,94.35,10,61,4.79
125,Lamar,US,2022-03-23 05:33:08,33.6668,-95.5836,47.35,66,100,16.11
126,Nikolskoye,RU,2022-03-23 05:33:12,59.7035,30.7861,35.71,82,95,5.01
127,Lisakovsk,KZ,2022-03-23 05:33:13,52.5369,62.4936,26.26,87,79,15.66
128,Baloda Bazar,IN,2022-03-23 05:33:13,21.6667,82.1667,99.57,7,16,7.16
129,Lavrentiya,RU,2022-03-23 05:33:14,65.5833,-171.0,4.95,83,31,6.13
130,Solnechnyy,RU,2022-03-23 05:33:14,50.7214,136.6319,30.85,74,49,2.86
131,College,US,2022-03-23 05:33:15,64.8569,-147.8028,9.0,57,75,13.8
132,Yumen,CN,2022-03-23 05:33:16,40.2833,97.2,58.68,22,36,9.46
133,Greensburg,US,2022-03-23 05:28:31,40.3015,-79.5389,55.99,54,75,19.57
134,Foix,FR,2022-03-23 05:33:16,42.8333,1.5833,33.01,18,5,8.34
135,Upernavik,GL,2022-03-23 05:33:17,72.7868,-56.1549,-4.25,98,100,5.21
136,Bridgetown,BB,2022-03-23 05:30:47,13.1,-59.6167,77.49,73,40,13.8
137,Taoudenni,ML,2022-03-23 05:33:17,22.6783,-3.9836,68.47,19,0,10.04
138,Marsa Matruh,EG,2022-03-23 05:33:18,31.3525,27.2453,50.0,72,50,20.58
139,Galle,LK,2022-03-23 05:33:18,6.0367,80.217,85.1,65,34,8.39
140,Pevek,RU,2022-03-23 05:33:19,69.7008,170.3133,23.07,81,88,17.09
141,Esperance,AU,2022-03-23 05:33:19,-33.8667,121.9,66.04,52,94,10.04
142,Goundam,ML,2022-03-23 05:33:20,16.4145,-3.6708,73.06,11,11,8.95
143,Diourbel,SN,2022-03-23 05:33:20,14.6628,-16.3925,66.13,67,2,13.62
144,Nishihara,JP,2022-03-23 05:33:21,26.1842,127.7558,69.08,97,100,11.5
145,Fortuna,US,2022-03-23 05:33:21,40.5982,-124.1573,51.93,92,43,3.96
146,Itarema,BR,2022-03-23 05:33:22,-2.9248,-39.9167,75.94,89,84,6.26
147,Lima,PE,2022-03-23 05:30:16,-12.0432,-77.0282,71.91,74,0,10.36
148,East London,ZA,2022-03-23 05:30:41,-33.0153,27.9116,68.94,88,0,4.61
149,Khatanga,RU,2022-03-23 05:33:23,71.9667,102.5,2.41,89,93,4.79
150,Saskylakh,RU,2022-03-23 05:33:23,71.9167,114.0833,-5.73,95,80,2.77
151,Bilma,NE,2022-03-23 05:33:24,18.6853,12.9164,61.59,23,37,14.56
152,Champasak,LA,2022-03-23 05:33:24,14.75,106.0,83.28,33,31,2.46
153,Camacha,PT,2022-03-23 05:33:25,33.0833,-16.3333,56.62,63,40,19.57
154,Bazaliya,UA,2022-03-23 05:33:25,49.7127,26.4733,43.05,67,0,3.94
155,Kudahuvadhoo,MV,2022-03-23 05:33:26,2.6708,72.8944,82.69,66,10,11.23
156,Dodoma,TZ,2022-03-23 05:33:26,-6.1722,35.7395,68.63,85,60,6.33
157,Caravelas,BR,2022-03-23 05:33:27,-17.7125,-39.2481,72.52,93,42,4.14
158,Sitka,US,2022-03-23 05:33:27,57.0531,-135.33,42.69,70,100,17.27
159,Kandrian,PG,2022-03-23 05:33:28,-6.2167,149.55,86.11,69,100,8.72
160,Puttur,IN,2022-03-23 05:33:28,12.7667,75.2167,86.11,49,88,3.13
161,Alice Springs,AU,2022-03-23 05:32:12,-23.7,133.8833,94.55,15,2,10.36
162,Sola,VU,2022-03-23 05:33:29,-13.8833,167.55,82.44,77,81,15.12
163,Kahului,US,2022-03-23 05:33:29,20.8947,-156.47,75.85,77,40,14.97
164,Mount Gambier,AU,2022-03-23 05:33:30,-37.8333,140.7667,67.91,42,75,11.5
165,Puerto Ayora,EC,2022-03-23 05:33:30,-0.7393,-90.3518,77.56,96,100,1.01
166,Avarua,CK,2022-03-23 05:33:31,-21.2078,-159.775,80.65,83,100,8.05
167,Pacific Grove,US,2022-03-23 05:33:31,36.6177,-121.9166,60.21,82,0,4.0
168,Manado,ID,2022-03-23 05:33:32,1.487,124.8455,86.77,74,40,6.91
169,Mar Del Plata,AR,2022-03-23 05:33:32,-38.0023,-57.5575,63.88,94,100,4.0
170,Ust-Maya,RU,2022-03-23 05:33:33,60.4167,134.5333,19.04,67,100,7.07
171,Vasudevanallur,IN,2022-03-23 05:33:33,9.2333,77.4167,93.52,43,25,3.67
172,Copiapo,CL,2022-03-23 05:31:33,-27.3667,-70.3333,60.87,81,1,0.85
173,Cayenne,GF,2022-03-23 05:33:34,4.9333,-52.3333,76.08,1,75,4.61
174,Mahina,PF,2022-03-23 05:33:35,-17.5065,-149.489,80.37,78,75,3.44
175,Provideniya,RU,2022-03-23 05:33:35,64.3833,-173.3,14.36,79,20,4.47
176,Shimoda,JP,2022-03-23 05:33:36,34.6667,138.95,50.36,61,100,11.5
177,Omboue,GA,2022-03-23 05:33:36,-1.5746,9.2618,78.03,87,93,3.04
178,Lasa,IT,2022-03-23 05:33:37,46.6166,10.7002,34.68,53,0,0.34
179,San Ramon,US,2022-03-23 05:33:37,37.7799,-121.978,66.74,67,0,5.75
180,Port Alfred,ZA,2022-03-23 05:33:38,-33.5906,26.891,73.27,77,3,9.62
181,Cheveresu Mare,RO,2022-03-23 05:33:38,45.6669,21.4908,40.84,69,0,3.44
182,Port Hawkesbury,CA,2022-03-23 05:33:39,45.6169,-61.3485,32.63,94,100,18.41
183,Methoni,GR,2022-03-23 05:33:39,36.8197,21.7049,50.22,58,32,26.19
184,Tasiilaq,GL,2022-03-23 05:33:40,65.6145,-37.6368,2.71,64,86,4.65
185,Goderich,CA,2022-03-23 05:30:21,43.7501,-81.7165,39.9,38,100,19.57
186,Castro,BR,2022-03-23 05:33:40,-24.7911,-50.0119,52.93,99,11,4.27
187,Port Augusta,AU,2022-03-23 05:33:41,-32.5,137.7667,77.7,39,100,12.3
188,Bathsheba,BB,2022-03-23 05:33:41,13.2167,-59.5167,77.61,73,40,13.8
189,Dukat,RU,2022-03-23 05:33:42,62.55,155.55,13.46,90,100,1.61
190,Beatrice,US,2022-03-23 05:33:42,40.2681,-96.747,41.45,70,100,20.71
191,Akureyri,IS,2022-03-23 05:33:43,65.6835,-18.0878,31.93,74,100,4.61
192,Usogorsk,RU,2022-03-23 05:33:43,63.4106,48.6872,31.55,88,94,12.08
193,Cernavoda,RO,2022-03-23 05:33:44,44.3667,28.0167,38.44,53,0,11.97
194,Ambon,ID,2022-03-23 05:33:44,-3.6954,128.1814,82.54,74,40,11.5
195,Port Lincoln,AU,2022-03-23 05:30:30,-34.7333,135.8667,64.87,56,100,10.0
196,Khani,GE,2022-03-23 05:33:45,41.9563,42.9566,38.77,90,17,5.5
197,Komsomolskiy,UZ,2022-03-23 05:33:46,40.4272,71.7189,47.12,87,100,6.91
198,Den Helder,NL,2022-03-23 05:33:46,52.9599,4.7593,44.98,98,6,5.01
199,Salgado De Sao Felix,BR,2022-03-23 05:33:47,-7.3569,-35.4406,74.48,92,59,3.58
200,Tuatapere,NZ,2022-03-23 05:33:47,-46.1333,167.6833,64.06,79,61,4.97
201,Tautira,PF,2022-03-23 05:33:48,-17.7333,-149.15,80.02,75,59,10.4
202,Teya,RU,2022-03-23 05:33:48,60.3778,92.6267,26.04,77,100,6.69
203,Mount Isa,AU,2022-03-23 05:33:49,-20.7333,139.5,100.17,16,40,5.75
204,Margate,GB,2022-03-23 05:33:49,51.3813,1.3862,46.69,79,34,1.05
205,Chapleau,CA,2022-03-23 05:33:50,47.8405,-83.4034,26.71,89,100,10.27
206,Beauvais,FR,2022-03-23 05:33:50,49.4167,2.0,41.63,81,0,2.3
207,Goryachegorsk,RU,2022-03-23 05:33:51,55.4053,88.9154,25.07,66,100,13.98
208,Abu Kamal,SY,2022-03-23 05:33:51,34.4506,40.9171,53.44,59,69,9.22
209,Tsuyama,JP,2022-03-23 05:33:52,35.05,134.0,49.84,74,100,2.77
210,Dawei,MM,2022-03-23 05:33:52,14.0833,98.2,89.33,58,100,8.59
211,Dingle,PH,2022-03-23 05:33:53,10.9995,122.6711,91.18,50,51,11.36
212,Aniche,FR,2022-03-23 05:33:53,50.33,3.2535,41.77,77,18,6.04
213,Dikson,RU,2022-03-23 05:33:54,73.5069,80.5464,13.73,90,100,17.38
214,Ponta Delgada,PT,2022-03-23 05:33:55,37.7333,-25.6667,58.5,82,40,6.91
215,Ancud,CL,2022-03-23 05:33:55,-41.8697,-73.8203,47.23,89,90,17.38
216,Ormara,PK,2022-03-23 05:33:56,25.2088,64.6357,77.7,63,0,15.61
217,Chuy,UY,2022-03-23 05:33:56,-33.6971,-53.4616,67.28,96,89,6.55
218,Kavieng,PG,2022-03-23 05:33:57,-2.5744,150.7967,83.97,68,100,7.9
219,Maniitsoq,GL,2022-03-23 05:33:57,65.4167,-52.9,-4.99,92,38,8.12
220,Del Rio,US,2022-03-23 05:33:58,29.3627,-100.8968,57.31,25,0,11.5
221,Biak,ID,2022-03-23 05:33:59,-0.9131,122.8766,75.13,90,100,4.79
222,Chanika,TZ,2022-03-23 05:33:59,-5.4167,38.0167,73.51,83,92,4.63
223,Vestmannaeyjar,IS,2022-03-23 05:34:00,63.4427,-20.2734,45.34,93,89,4.63
224,Iqaluit,CA,2022-03-23 05:34:00,63.7506,-68.5145,-11.31,76,20,0.0
225,Coquimbo,CL,2022-03-23 05:34:01,-29.9533,-71.3436,60.53,94,100,4.61
226,Beringovskiy,RU,2022-03-23 05:34:01,63.05,179.3167,12.45,98,87,6.91
227,Inhambane,MZ,2022-03-23 05:34:02,-23.865,35.3833,77.72,73,4,10.09
228,Havoysund,NO,2022-03-23 05:34:02,70.9963,24.6622,26.83,90,100,2.44
229,Nome,US,2022-03-23 05:34:03,64.5011,-165.4064,14.07,62,0,5.75
230,Pangnirtung,CA,2022-03-23 05:34:03,66.1451,-65.7125,-10.59,79,38,3.76
231,Acarau,BR,2022-03-23 05:34:04,-2.8856,-40.12,76.57,88,83,7.23
232,Airai,TL,2022-03-23 05:34:04,-8.9266,125.4092,70.65,78,63,2.89
233,Plettenberg Bay,ZA,2022-03-23 05:34:05,-34.0527,23.3716,70.16,72,0,2.06
234,Mandalgovi,MN,2022-03-23 05:34:05,45.7625,106.2708,35.62,24,34,12.19
235,Vostok,RU,2022-03-23 05:34:06,46.4856,135.8833,32.0,68,100,7.0
236,Padang,ID,2022-03-23 05:34:07,-0.9492,100.3543,87.85,63,19,6.31
237,Isangel,VU,2022-03-23 05:34:07,-19.55,169.2667,80.06,85,78,10.65
238,Te Anau,NZ,2022-03-23 05:34:08,-45.4167,167.7167,69.91,62,33,4.97
239,Meadow Lake,US,2022-03-23 05:34:08,34.8014,-106.5436,35.83,80,93,9.73
240,Chernyshevsk,RU,2022-03-23 05:34:09,52.5243,117.0174,28.13,81,60,4.47
241,Manicore,BR,2022-03-23 05:34:09,-5.8092,-61.3003,73.06,99,90,2.21
242,Strzelin,PL,2022-03-23 05:34:10,50.7816,17.0648,39.45,44,0,3.09
243,Bredasdorp,ZA,2022-03-23 05:34:10,-34.5322,20.0403,69.75,88,99,10.94
244,Manica,FR,2022-03-23 05:34:11,49.0,-1.1667,41.49,82,21,5.12
245,Deputatskiy,RU,2022-03-23 05:34:11,69.3,139.9,3.43,88,94,3.22
246,Los Llanos De Aridane,ES,2022-03-23 05:34:12,28.6585,-17.9182,58.75,82,0,8.05
247,Maasim,PH,2022-03-23 05:34:12,5.8575,125.0061,85.21,67,81,6.35
248,Bambous Virieux,MU,2022-03-23 05:34:13,-20.3428,57.7575,85.21,79,40,11.5
249,Baikunthpur,IN,2022-03-23 05:34:13,23.25,82.55,96.62,6,6,7.67
250,Alcorcon,ES,2022-03-23 05:34:14,40.3458,-3.8249,48.58,87,100,3.44
251,Hammerfest,NO,2022-03-23 05:34:14,70.6634,23.6821,25.25,100,100,3.44
252,Jasper,US,2022-03-23 05:32:37,37.2001,-94.3502,42.46,92,100,14.97
253,Hambantota,LK,2022-03-23 05:34:15,6.1241,81.1185,88.14,70,20,2.3
254,Garachine,PA,2022-03-23 05:34:15,8.0647,-78.3628,77.49,89,62,7.65
255,Chokurdakh,RU,2022-03-23 05:34:16,70.6333,147.9167,-1.1,96,94,5.75
256,Ondangwa,NA,2022-03-23 05:34:23,-17.9167,15.95,68.0,100,95,2.3
257,Kieta,PG,2022-03-23 05:34:24,-6.2167,155.6333,82.67,77,77,5.97
258,Chon Daen,TH,2022-03-23 05:34:24,16.1895,100.8596,87.84,55,100,3.78
259,Mahebourg,MU,2022-03-23 05:34:25,-20.4081,57.7,85.24,79,40,11.5
260,Longyearbyen,SJ,2022-03-23 05:34:25,78.2186,15.6401,3.04,66,20,9.22
261,Khor,RU,2022-03-23 05:34:26,47.8861,134.9464,31.32,97,79,3.29
262,Fort Stewart,US,2022-03-23 05:34:26,31.8722,-81.61,67.87,66,0,5.75
263,Peniche,PT,2022-03-23 05:34:27,39.3558,-9.3811,53.08,94,100,5.17
264,Constitucion,CL,2022-03-23 05:30:56,-35.3333,-72.4167,52.25,90,18,4.34
265,Souris,CA,2022-03-23 05:34:28,49.6172,-100.2612,30.74,95,50,6.11
266,Coahuayana,MX,2022-03-23 05:34:28,18.7333,-103.6833,66.2,62,27,4.52
267,San Patricio,US,2022-03-23 05:34:29,28.017,-97.5169,62.83,42,0,8.12
268,Seminole,US,2022-03-23 05:34:29,28.7086,-81.2081,71.98,87,0,5.75
269,Abyek,IR,2022-03-23 05:34:30,36.0667,50.55,31.66,59,32,5.99
270,Karpogory,RU,2022-03-23 05:34:30,64.0019,44.4451,32.74,90,92,10.31
271,Kaitangata,NZ,2022-03-23 05:34:31,-46.2817,169.8464,61.03,91,16,7.2
272,Shingu,JP,2022-03-23 05:34:31,33.7333,135.9833,49.33,79,100,6.85
273,Cap Malheureux,MU,2022-03-23 05:34:32,-19.9842,57.6142,85.46,78,59,8.99
274,Trier,DE,2022-03-23 05:34:32,49.7557,6.6394,46.9,72,0,0.83
275,Katobu,ID,2022-03-23 05:34:33,-4.9408,122.5276,80.19,78,100,5.79
276,Mananjary,MG,2022-03-23 05:34:33,-21.2167,48.3333,78.91,70,99,2.8
277,Sorland,NO,2022-03-23 05:34:34,67.667,12.6934,42.37,91,100,31.72
278,Truth Or Consequences,US,2022-03-23 05:33:07,33.1284,-107.2528,45.16,56,75,4.61
279,Vanimo,PG,2022-03-23 05:34:34,-2.6741,141.3028,86.61,59,100,0.96
280,Antofagasta,CL,2022-03-23 05:32:17,-23.65,-70.4,61.88,83,53,4.21
281,El Angel,EC,2022-03-23 05:34:35,0.6167,-77.9333,42.91,91,89,4.16
282,Revelstoke,CA,2022-03-23 05:34:35,50.9832,-118.2023,37.42,93,100,0.0
283,Zaysan,KZ,2022-03-23 05:34:36,47.4667,84.8667,29.93,98,100,13.85
284,Salvador,SV,2022-03-23 05:34:36,13.8333,-88.9167,71.06,80,24,0.83
285,Khorramshahr,IR,2022-03-23 05:34:37,30.4397,48.1664,69.76,49,1,0.0
286,Tshikapa,CD,2022-03-23 05:34:37,-6.4167,20.8,68.97,94,100,1.12
287,Uruguaiana,BR,2022-03-23 05:34:38,-29.7547,-57.0883,67.93,94,75,5.75
288,Halifax,CA,2022-03-23 05:34:38,44.6453,-63.5724,34.34,68,76,18.99
289,Puri,IN,2022-03-23 05:34:39,19.8,85.85,91.92,70,10,11.43
290,General Roca,AR,2022-03-23 05:34:40,-39.0333,-67.5833,68.63,34,31,7.25
291,Ternate,ID,2022-03-23 05:34:40,0.8,127.4,78.39,76,100,9.89
292,Zharkent,KZ,2022-03-23 05:34:41,44.1628,80.0,43.09,55,100,15.75
293,Lastoursville,GA,2022-03-23 05:34:41,-0.8143,12.7287,70.56,92,99,1.19
294,Bintulu,MY,2022-03-23 05:33:35,3.1667,113.0333,91.81,66,20,4.61
295,Suntar,RU,2022-03-23 05:34:42,62.1444,117.6319,27.43,78,98,6.93
296,Gat,IL,2022-03-23 05:34:42,31.61,34.7642,53.4,100,49,8.93
297,Hoi An,VN,2022-03-23 05:34:43,15.8794,108.335,87.76,73,22,9.73
298,Guerrero Negro,MX,2022-03-23 05:33:49,27.9769,-114.0611,61.41,71,0,12.39
299,Kyabe,TD,2022-03-23 05:34:43,9.4515,18.9449,80.94,16,99,2.06
300,Grindavik,IS,2022-03-23 05:34:44,63.8424,-22.4338,41.47,93,100,13.8
301,Kaeo,NZ,2022-03-23 05:34:44,-35.1,173.7833,73.33,72,7,9.31
302,Sungaipenuh,ID,2022-03-23 05:34:45,-2.0833,101.3833,83.43,40,23,6.71
303,Norman Wells,CA,2022-03-23 05:34:45,65.282,-126.8329,1.44,78,100,0.0
304,Saldanha,ZA,2022-03-23 05:34:46,-33.0117,17.9442,68.05,77,85,10.94
305,Yulara,AU,2022-03-23 05:34:46,-25.2406,130.9889,96.64,14,32,12.66
306,Kontagora,NG,2022-03-23 05:34:47,10.3999,5.4695,76.03,49,69,4.23
307,Celestun,MX,2022-03-23 05:34:47,20.8667,-90.4,78.93,63,18,9.35
308,Valparaiso,CL,2022-03-23 05:32:08,-33.0393,-71.6273,60.48,66,40,4.61
309,Faya,SA,2022-03-23 05:34:48,18.3851,42.4509,64.92,41,11,5.64
310,Cherskiy,RU,2022-03-23 05:34:48,68.75,161.3,25.43,89,62,2.44
311,Kerman,IR,2022-03-23 05:34:49,30.2832,57.0788,62.46,25,0,4.61
312,Alofi,NU,2022-03-23 05:34:49,-19.0595,-169.9187,78.69,89,100,2.3
313,Ostrovnoy,RU,2022-03-23 05:34:50,68.0531,39.5131,29.97,75,100,25.48
314,Nelson Bay,AU,2022-03-23 05:34:51,-32.7167,152.15,76.08,77,99,3.0
315,San-Pedro,CI,2022-03-23 05:34:51,4.7485,-6.6363,77.59,93,100,3.36
316,Tourlaville,FR,2022-03-23 05:34:52,49.6383,-1.5664,45.82,76,0,6.91
317,Cabo San Lucas,MX,2022-03-23 05:34:52,22.8909,-109.9124,69.51,62,0,3.89
318,Carandai,BR,2022-03-23 05:34:53,-20.9536,-43.8064,55.17,96,70,8.77
319,Lorengau,PG,2022-03-23 05:34:53,-2.0226,147.2712,85.05,67,100,4.74
320,Gumdag,TM,2022-03-23 05:34:54,39.2061,54.5906,45.36,50,77,6.2
321,Primorsk,UA,2022-03-23 05:34:54,46.7348,36.3443,39.29,57,0,17.29
322,Mahon,ES,2022-03-23 05:34:55,39.8885,4.2658,54.16,66,40,16.11
323,Eureka,US,2022-03-23 05:34:55,40.8021,-124.1637,54.68,80,58,3.0
324,Lityn,UA,2022-03-23 05:34:56,49.3251,28.0809,42.35,66,0,4.61
325,Surt,LY,2022-03-23 05:34:56,31.2089,16.5887,54.1,55,43,9.15
326,Luchegorsk,RU,2022-03-23 05:34:57,46.4764,134.2569,35.64,72,100,7.27
327,Otane,NZ,2022-03-23 05:34:57,-39.8833,176.6333,64.0,97,100,8.52
328,Lukulu,ZM,2022-03-23 05:34:58,-14.3707,23.242,65.82,81,10,7.7
329,Bandarbeyla,SO,2022-03-23 05:34:58,9.4942,50.8122,80.01,67,3,5.88
330,Bantry,IE,2022-03-23 05:34:59,51.6833,-9.45,50.79,96,58,6.8
331,Taltal,CL,2022-03-23 05:34:59,-25.4,-70.4833,62.85,87,4,2.19
332,Sambava,MG,2022-03-23 05:35:00,-14.2667,50.1667,83.55,70,62,8.48
333,Nyurba,RU,2022-03-23 05:35:01,63.2842,118.3319,25.5,82,100,8.32
334,Tommot,RU,2022-03-23 05:35:01,58.9564,126.2925,27.68,72,100,8.05
335,Along,IN,2022-03-23 05:35:02,28.1667,94.7667,95.94,20,2,1.86
336,Arona,ES,2022-03-23 05:32:54,28.0996,-16.681,54.12,63,75,6.91
337,Pozo Colorado,PY,2022-03-23 05:35:02,-23.4923,-58.7972,79.27,67,52,7.96
338,Challans,FR,2022-03-23 05:34:41,46.8436,-1.8749,44.8,64,97,10.96
339,Manzhouli,CN,2022-03-23 05:35:03,49.6,117.4333,31.3,58,62,5.64
340,Kununurra,AU,2022-03-23 05:35:03,-15.7667,128.7333,94.98,52,93,10.36
341,Nemuro,JP,2022-03-23 05:35:04,43.3236,145.575,33.58,76,21,7.87
342,Kralendijk,BQ,2022-03-23 05:30:20,12.15,-68.2667,78.78,78,40,13.8
343,Verkhoyansk,RU,2022-03-23 05:35:04,67.5447,133.385,9.46,80,100,2.75
344,Sept-Iles,CA,2022-03-23 05:35:05,50.2001,-66.3821,31.05,63,100,20.71
345,Domoni,KM,2022-03-23 05:35:06,-12.2569,44.5319,83.48,78,90,7.9
346,Ponferrada,ES,2022-03-23 05:35:06,42.5466,-6.5962,50.83,75,99,13.0
347,Mosquera,CO,2022-03-23 05:31:50,4.7059,-74.2302,55.49,88,40,0.0
348,Basti,IN,2022-03-23 05:35:07,26.8,82.7167,98.1,6,1,8.41
349,Nenjiang,CN,2022-03-23 05:35:07,49.1833,125.2167,30.15,90,94,2.37
350,Harper,LR,2022-03-23 05:35:08,4.375,-7.7169,78.85,87,87,4.52
351,Flin Flon,CA,2022-03-23 05:35:08,54.7682,-101.865,21.04,96,91,3.62
352,Tabou,CI,2022-03-23 05:35:09,4.423,-7.3528,78.69,88,98,4.12
353,Tam Ky,VN,2022-03-23 05:35:09,15.5667,108.4833,88.25,60,15,8.79
354,Hay River,CA,2022-03-23 05:35:10,60.8156,-115.7999,10.38,85,75,13.8
355,Sarny,UA,2022-03-23 05:35:10,51.338,26.6019,43.41,67,0,3.33
356,Yangjiang,CN,2022-03-23 05:35:11,21.85,111.9667,66.94,85,100,11.1
357,Cidreira,BR,2022-03-23 05:35:12,-30.1811,-50.2056,70.25,82,100,20.04
358,Qeshm,IR,2022-03-23 05:35:12,26.9581,56.2719,78.67,67,0,2.28
359,Oksfjord,NO,2022-03-23 05:35:13,70.2396,22.3479,28.99,94,100,6.2
360,Touros,BR,2022-03-23 05:31:00,-5.1989,-35.4608,77.4,89,100,8.41
361,Richards Bay,ZA,2022-03-23 05:35:13,-28.783,32.0377,74.14,74,84,9.06
362,Mbanza-Ngungu,CD,2022-03-23 05:35:14,-5.25,14.8667,66.85,93,99,3.06
363,Tura,IN,2022-03-23 05:35:14,25.5198,90.2201,95.43,21,21,7.11
364,Trelleborg,SE,2022-03-23 05:35:15,55.3751,13.1569,37.35,67,36,6.35
365,Valleyview,CA,2022-03-23 05:30:43,55.0667,-117.2859,42.84,65,100,13.8
366,Evensk,RU,2022-03-23 05:35:15,61.95,159.2333,22.51,87,99,2.19
367,Russell,US,2022-03-23 05:35:16,32.3502,-85.1999,70.97,82,100,12.66
368,Cockburn Town,TC,2022-03-23 05:32:16,21.4612,-71.1419,77.07,76,1,22.75
369,Hovd,MN,2022-03-23 05:35:16,48.0056,91.6419,36.68,27,100,16.73
370,Kapiri Mposhi,ZM,2022-03-23 05:35:17,-13.9652,28.6809,62.91,88,100,6.73
371,Kavaratti,IN,2022-03-23 05:35:17,10.5669,72.642,83.53,63,37,6.64
372,Mbale,UG,2022-03-23 05:35:18,1.0821,34.175,73.72,67,26,3.29
373,General Pico,AR,2022-03-23 05:35:18,-35.6566,-63.7568,62.04,78,0,9.04
374,Tamboril,DO,2022-03-23 05:35:19,19.4854,-70.611,69.69,88,20,4.61
375,Hokitika,NZ,2022-03-23 05:35:19,-42.7167,170.9667,66.34,81,98,4.0
376,Akyab,MM,2022-03-23 05:35:20,20.15,92.9,82.35,68,96,12.06
377,Port Hardy,CA,2022-03-23 05:30:30,50.6996,-127.4199,50.18,81,100,11.5
378,Marsabit,KE,2022-03-23 05:35:20,2.3284,37.9899,71.33,58,4,18.41
379,Flinders,AU,2022-03-23 05:35:21,-34.5833,150.8552,70.05,84,100,12.39
380,Carutapera,BR,2022-03-23 05:35:21,-1.195,-46.02,74.75,95,100,2.98
381,Xining,CN,2022-03-23 05:35:22,36.6167,101.7667,62.64,10,11,2.86
382,Sheridan,US,2022-03-23 05:35:23,44.8333,-106.9173,38.91,50,0,0.0
383,Ahipara,NZ,2022-03-23 05:35:23,-35.1667,173.1667,67.21,82,11,9.46
384,Kailua,US,2022-03-23 05:35:24,21.4022,-157.7394,75.18,82,100,3.0
385,Poopo,BO,2022-03-23 05:35:24,-18.3667,-66.9667,47.03,78,68,3.33
386,Namatanai,PG,2022-03-23 05:35:25,-3.6667,152.4333,83.7,69,100,8.21
387,Ceres,US,2022-03-23 05:35:25,37.5949,-120.9577,68.05,69,0,0.0
388,Guangzhou,CN,2022-03-23 05:30:42,23.1167,113.25,55.35,82,100,11.92
389,Huoqiu,CN,2022-03-23 05:35:26,32.3394,116.2694,56.25,65,91,9.19
390,Bekovo,RU,2022-03-23 05:35:26,52.4663,43.712,34.23,97,100,6.62
391,Luganville,VU,2022-03-23 05:35:27,-15.5333,167.1667,76.86,95,97,1.72
392,Vardo,NO,2022-03-23 05:35:27,70.3705,31.1107,29.52,62,100,10.89
393,Mitsamiouli,KM,2022-03-23 05:35:28,-11.3847,43.2844,84.49,74,20,2.3
394,Sulangan,PH,2022-03-23 05:35:28,11.1373,123.7228,83.12,73,72,7.43
395,Ust-Nera,RU,2022-03-23 05:35:29,64.5667,143.2,13.69,84,100,1.79
396,Macon,US,2022-03-23 05:35:29,39.8667,-88.9668,52.88,100,100,3.44
397,Port Hedland,AU,2022-03-23 05:35:30,-20.3167,118.5667,105.85,17,70,5.75
398,Zheleznodorozhnyy,RU,2022-03-23 05:35:30,55.7503,38.0042,35.78,87,16,5.37
399,Rawah,IQ,2022-03-23 05:35:31,34.4816,41.9093,56.39,44,31,8.95
400,Barsovo,RU,2022-03-23 05:35:31,61.1667,73.1667,19.53,90,99,4.94
401,Rawson,AR,2022-03-23 05:35:32,-43.3002,-65.1023,70.14,28,62,17.52
402,Dauphin,CA,2022-03-23 05:33:22,51.1494,-100.0502,26.74,100,0,10.36
403,Peruibe,BR,2022-03-23 05:35:33,-24.32,-46.9983,69.1,87,72,3.62
404,Roald,NO,2022-03-23 05:35:33,62.5833,6.1333,43.09,70,0,10.36
405,Olecko,PL,2022-03-23 05:35:34,54.0337,22.507,42.4,71,0,5.46
406,Kenora,CA,2022-03-23 05:35:34,49.8167,-94.4337,32.97,100,100,4.61
407,Redmond,US,2022-03-23 05:35:02,47.674,-122.1215,56.34,87,38,1.01
408,Arica,CL,2022-03-23 05:31:46,-18.475,-70.3042,64.63,72,0,5.75
409,Grand-Santi,GF,2022-03-23 05:35:35,4.25,-54.3833,71.46,100,92,1.92
410,Lagoa,PT,2022-03-23 05:35:36,39.05,-27.9833,59.36,68,82,14.16
411,Thinadhoo,MV,2022-03-23 05:35:36,0.5333,72.9333,83.66,66,1,12.95
412,Turayf,SA,2022-03-23 05:35:36,31.6725,38.6637,44.85,61,0,9.22
413,Amapa,BR,2022-03-23 05:35:37,1.0,-52.0,69.69,99,73,0.38
414,Mahajanga,MG,2022-03-23 05:35:37,-15.7167,46.3167,86.02,74,20,4.61
415,Abengourou,CI,2022-03-23 05:35:38,6.7297,-3.4964,72.61,100,93,2.35
416,Kropotkin,RU,2022-03-23 05:35:38,45.4375,40.5756,37.78,36,0,19.84
417,Inuvik,CA,2022-03-23 05:35:39,68.3499,-133.7218,-3.24,74,75,10.36
418,Tual,ID,2022-03-23 05:35:39,-5.6667,132.75,79.68,81,100,11.97
419,Nandu,CN,2022-03-23 05:35:39,22.8525,110.8233,57.92,91,100,5.06
420,Tucumcari,US,2022-03-23 05:35:40,35.1717,-103.725,40.95,48,0,10.36
421,Umm Kaddadah,SD,2022-03-23 05:35:40,13.6017,26.6876,73.76,19,83,20.2
422,Yagodnoye,RU,2022-03-23 05:35:40,62.55,149.6667,12.43,83,100,1.9
423,Axim,GH,2022-03-23 05:35:41,4.8699,-2.2405,79.57,85,100,7.49
424,Ucluelet,CA,2022-03-23 05:35:41,48.9329,-125.5528,49.08,94,100,8.68
425,Hualmay,PE,2022-03-23 05:35:41,-11.0964,-77.6139,69.46,85,63,9.84
426,Sabang,ID,2022-03-23 05:35:42,5.8933,95.3214,83.07,73,85,12.28
427,Saint-Pierre,RE,2022-03-23 05:35:42,-21.3393,55.4781,85.91,77,0,10.36
428,Catuday,PH,2022-03-23 05:35:42,16.2923,119.8062,83.05,74,7,13.91
429,Breclav,CZ,2022-03-23 05:35:43,48.759,16.882,31.05,54,0,2.8
430,Winnemucca,US,2022-03-23 05:35:43,40.973,-117.7357,44.65,70,0,9.22
431,Korsakovo,RU,2022-03-23 05:35:44,53.2677,37.3569,32.13,98,100,6.62
432,Dhidhdhoo,MV,2022-03-23 05:35:45,6.8833,73.1,83.01,62,96,7.81
433,Segovia,ES,2022-03-23 05:35:45,41.1667,-4.0,40.12,95,94,7.25
434,Maxixe,MZ,2022-03-23 05:35:45,-23.8597,35.3472,77.65,72,2,9.48
435,Taos,US,2022-03-23 05:35:46,36.4072,-105.5731,32.4,66,100,9.22
436,Yenagoa,NG,2022-03-23 05:35:43,4.9247,6.2642,79.0,90,100,3.74
437,Kajaani,FI,2022-03-23 05:35:46,64.2273,27.7285,26.65,74,0,4.61
438,Madinat Sittah Uktubar,EG,2022-03-23 05:35:47,29.8167,31.05,51.4,46,4,16.2
439,Dwarka,IN,2022-03-23 05:35:47,22.2394,68.9678,81.43,56,12,10.47
440,Linxia,CN,2022-03-23 05:35:47,35.6003,103.2064,63.48,15,3,5.44
441,Bayangol,RU,2022-03-23 05:35:48,50.6977,103.4656,26.92,52,93,3.71
442,Muravlenko,RU,2022-03-23 05:35:48,63.7898,74.523,12.49,91,100,11.03
443,Markova,UA,2022-03-23 05:35:48,48.6758,24.4138,41.68,63,0,3.15
444,San Policarpo,PH,2022-03-23 05:35:49,12.1791,125.5072,83.28,73,97,6.69
445,Timmins,CA,2022-03-23 05:35:42,48.4669,-81.3331,28.22,64,100,4.61
446,Bol,TD,2022-03-23 05:35:49,13.4586,14.7147,74.86,39,100,19.57
447,Yangambi,CD,2022-03-23 05:35:49,0.8102,24.4336,74.41,76,83,4.47
448,Urubicha,BO,2022-03-23 05:35:50,-15.3833,-62.95,70.05,99,31,2.33
449,Iranshahr,IR,2022-03-23 05:35:50,27.2025,60.6848,80.94,18,0,0.0
450,Santarem,BR,2022-03-23 05:35:50,-2.4431,-54.7083,78.93,100,40,2.3
451,Bac Lieu,VN,2022-03-23 05:35:51,9.285,105.7244,88.99,57,77,13.73
452,Webuye,KE,2022-03-23 05:35:51,0.6075,34.7697,71.04,57,7,1.12
453,Popondetta,PG,2022-03-23 05:35:51,-8.7537,148.2534,84.96,68,100,6.2
454,Moose Jaw,CA,2022-03-23 05:35:46,50.4001,-105.5344,28.65,80,5,5.75
455,Menongue,AO,2022-03-23 05:35:51,-14.6585,17.691,64.29,94,100,4.36
456,Bugene,TZ,2022-03-23 05:35:52,-1.5911,31.1403,61.2,87,61,1.61
457,Tyukhtet,RU,2022-03-23 05:31:48,56.5389,89.3011,24.55,83,100,12.97
458,Fairbanks,US,2022-03-23 05:35:52,64.8378,-147.7164,9.01,57,0,13.8
459,Senneterre,CA,2022-03-23 05:35:52,48.3835,-77.2328,11.28,98,58,3.96
460,Mocuba,MZ,2022-03-23 05:35:53,-16.8392,36.9856,74.46,87,82,5.35
461,Rapid Valley,US,2022-03-23 05:35:53,44.0625,-103.1463,41.72,42,40,17.27
462,Meulaboh,ID,2022-03-23 05:35:53,4.1363,96.1285,85.93,67,60,6.73
463,Rosetta,EG,2022-03-23 05:35:54,31.4044,30.4164,52.48,70,62,18.25
464,Salalah,OM,2022-03-23 05:35:54,17.0151,54.0924,78.89,57,0,2.3
465,Beira,MZ,2022-03-23 05:35:54,-19.8436,34.8389,73.49,94,75,5.75
466,Hami,CN,2022-03-23 05:35:55,42.8,93.45,56.75,29,70,5.79
467,Alibag,IN,2022-03-23 05:35:55,18.6411,72.8792,93.27,37,21,9.89
468,Kholm,RU,2022-03-23 05:35:55,59.2667,32.85,33.4,87,58,5.82
469,The Valley,AI,2022-03-23 05:35:56,18.217,-63.0578,77.09,74,2,20.29
470,La Asuncion,VE,2022-03-23 05:35:56,11.0333,-63.8628,76.73,94,1,12.66
471,Raudeberg,NO,2022-03-23 05:35:56,61.9875,5.1352,43.86,57,27,15.68
472,Matagami,CA,2022-03-23 05:32:36,49.7502,-77.6328,6.91,85,0,2.3
473,Talaya,RU,2022-03-23 05:35:57,61.3833,152.75,17.71,80,100,1.45
474,Palaikastron,GR,2022-03-23 05:38:22,35.2,26.25,49.44,71,97,15.17
475,Souillac,MU,2022-03-23 05:38:23,-20.5167,57.5167,84.58,79,40,11.5
476,Svetlogorsk,BY,2022-03-23 05:38:23,52.6333,29.7333,41.04,80,0,1.95
477,Songea,TZ,2022-03-23 05:35:26,-10.6833,35.65,69.19,87,72,2.55
478,Wattegama,LK,2022-03-23 05:38:23,6.7989,81.4808,95.68,42,18,0.92
479,Chernyshevskiy,RU,2022-03-23 05:38:24,63.0128,112.4714,21.18,84,100,6.91
480,Sechura,PE,2022-03-23 05:38:24,-5.5569,-80.8222,71.6,77,77,10.87
481,Wuning,CN,2022-03-23 05:38:24,29.2589,120.2311,52.3,74,98,4.45
482,Providencia,MX,2022-03-23 05:38:25,28.7167,-111.5833,67.41,34,7,12.68
483,Baykit,RU,2022-03-23 05:38:25,61.67,96.37,25.27,88,100,3.56
484,Ranot,TH,2022-03-23 05:38:25,7.7777,100.3213,84.74,69,70,5.91
485,Ojinaga,MX,2022-03-23 05:38:25,29.5667,-104.4167,50.95,43,0,9.22
486,Andenes,NO,2022-03-23 05:38:26,69.3143,16.1194,40.98,87,100,19.57
487,Dong Hoi,VN,2022-03-23 05:38:26,17.4833,106.6,80.06,87,100,6.26
488,Klyuchi,RU,2022-03-23 05:38:27,52.2667,79.1667,25.97,84,97,16.08
489,Baisha,CN,2022-03-23 05:38:27,26.5222,110.9311,60.17,62,95,2.04
490,Gazli,UZ,2022-03-23 05:38:28,40.1333,63.45,40.69,68,98,4.16
491,Yinchuan,CN,2022-03-23 05:38:01,38.4681,106.2731,61.48,17,0,5.86
492,Aykhal,RU,2022-03-23 05:38:28,66.0,111.5,8.15,83,100,3.78
493,Talara,PE,2022-03-23 05:38:29,-4.5772,-81.2719,73.53,73,94,14.54
494,Adrar,MR,2022-03-23 05:34:57,20.5022,-10.0711,66.87,15,6,10.4
495,Zhifang,CN,2022-03-23 05:38:29,30.35,114.3167,49.98,66,100,6.06
496,Bose,IT,2022-03-23 05:38:30,45.4612,8.0137,45.28,42,0,4.12
497,Talcahuano,CL,2022-03-23 05:38:30,-36.7167,-73.1167,56.88,88,75,2.3
498,Maymyo,MM,2022-03-23 05:38:31,22.0333,96.4667,74.79,57,100,3.65
499,Husavik,IS,2022-03-23 05:38:31,66.0449,-17.3389,28.29,92,100,6.35
500,Kastamonu,TR,2022-03-23 05:38:32,41.5,33.6667,30.04,73,35,2.37
501,Quatre Cocos,MU,2022-03-23 05:38:33,-20.2078,57.7625,85.08,72,57,13.24
502,Noumea,NC,2022-03-23 05:38:27,-22.2763,166.4572,82.38,70,68,10.63
503,Olinda,BR,2022-03-23 05:38:33,-8.0089,-34.8553,76.73,94,75,2.3
504,Baghdad,IQ,2022-03-23 05:38:34,33.3406,44.4009,57.11,54,0,2.3
505,Srednekolymsk,RU,2022-03-23 05:38:34,67.45,153.6833,14.14,91,100,6.26
506,Cururupu,BR,2022-03-23 05:38:35,-1.8283,-44.8683,73.6,98,100,2.21
507,Nantucket,US,2022-03-23 05:38:35,41.2835,-70.0995,39.31,54,0,20.71
508,Djambala,CG,2022-03-23 05:38:36,-2.5447,14.7533,68.74,78,96,2.37
509,Slavgorodskoye,RU,2022-03-23 05:38:36,53.0214,78.6435,24.13,89,92,16.13
510,Xacmaz,AZ,2022-03-23 05:38:37,41.4635,48.806,38.75,58,26,3.42
511,Bedele,ET,2022-03-23 05:38:37,8.456,36.353,70.21,48,57,3.94
512,La Palma,US,2022-03-23 05:38:38,33.8464,-118.0467,74.01,62,0,0.0
513,Gryfice,PL,2022-03-23 05:35:29,53.9165,15.2003,37.83,57,5,4.68
514,Arroyo,ES,2022-03-23 05:38:38,41.6096,-4.7969,43.07,85,0,9.22
515,Kandi,BJ,2022-03-23 05:34:06,11.1342,2.9386,78.93,40,52,5.28
516,Ilulissat,GL,2022-03-23 05:38:39,69.2167,-51.1,1.42,85,75,13.8
517,Xiaoyi,CN,2022-03-23 05:38:39,34.6178,109.703,65.73,40,43,2.17
518,Wadowice,PL,2022-03-23 05:38:40,49.8834,19.4929,44.53,54,0,2.86
519,West Wendover,US,2022-03-23 05:38:40,40.7391,-114.0733,43.36,65,19,4.32
520,Polis,CY,2022-03-23 05:38:41,35.0367,32.4264,46.29,89,99,8.16
521,Jvari,GE,2022-03-23 05:38:41,42.7169,42.052,44.85,45,19,1.68
522,Matara,LK,2022-03-23 05:36:39,5.9485,80.5353,87.33,62,25,9.19
523,Presidente Medici,BR,2022-03-23 05:38:42,-11.1753,-61.9014,71.17,97,70,2.93
524,Aviles,ES,2022-03-23 05:38:42,43.5547,-5.9248,55.92,66,0,3.44
525,Howard Springs,AU,2022-03-23 05:38:43,-12.497,131.047,93.97,70,100,2.8
526,Magdalena,PH,2022-03-23 05:38:44,14.1999,121.429,90.36,47,61,8.01
527,Jining,CN,2022-03-23 05:38:44,35.405,116.5814,64.09,38,10,13.4
528,Geraldton,AU,2022-03-23 05:38:45,-28.7667,114.6,90.01,31,0,19.57
529,Clarence Town,AU,2022-03-23 05:38:45,-32.5833,151.7833,76.6,78,99,9.19
530,Samarina,RU,2022-03-23 05:38:46,57.8878,27.8054,28.29,77,57,5.99
531,Road Town,VG,2022-03-23 05:38:12,18.4167,-64.6167,75.0,71,0,17.4
532,Petrove,UA,2022-03-23 05:38:46,48.3247,33.2562,40.08,55,0,0.96
533,Escanaba,US,2022-03-23 05:38:47,45.7453,-87.0646,32.31,93,100,13.8
534,Kabinda,CD,2022-03-23 05:38:47,-6.1333,24.4833,66.63,92,99,3.89
535,Kendari,ID,2022-03-23 05:38:48,-3.945,122.4989,78.51,85,99,6.35
536,Torrevieja,ES,2022-03-23 05:38:48,37.9787,-0.6822,57.11,84,100,15.99
537,Sangar,RU,2022-03-23 05:38:49,63.9242,127.4739,10.13,83,9,3.27
538,Trincomalee,LK,2022-03-23 05:38:49,8.5711,81.2335,83.37,71,35,7.99
539,Zhanakorgan,KZ,2022-03-23 05:38:50,43.9098,67.2495,43.79,50,86,8.43
540,Labuhan,ID,2022-03-23 05:38:50,-6.8844,112.2051,86.59,68,62,9.48
541,Karratha,AU,2022-03-23 05:38:51,-20.7377,116.8463,100.24,30,95,5.44
542,Tamiahua,MX,2022-03-23 05:38:51,21.2667,-97.45,67.28,81,83,7.61
543,Oistins,BB,2022-03-23 05:38:52,13.0667,-59.5333,77.09,73,40,13.8
544,Taga,RO,2022-03-23 05:38:52,46.95,24.05,32.32,62,0,1.3
545,Santiago Del Estero,AR,2022-03-23 05:38:53,-27.7951,-64.2615,67.69,93,36,4.7
546,Sayyan,YE,2022-03-23 05:38:53,15.1718,44.3244,65.26,43,9,1.81
547,Svetlaya,RU,2022-03-23 05:38:54,46.5389,138.3297,39.34,66,100,11.41
548,Huntingdon,GB,2022-03-23 05:35:42,52.3305,-0.1865,46.27,87,51,3.09
549,Swan River,CA,2022-03-23 05:38:55,52.1058,-101.2676,30.09,74,66,4.61
550,Araria,IN,2022-03-23 05:38:55,26.15,87.5167,97.79,16,81,3.31
551,Barra Do Bugres,BR,2022-03-23 05:38:56,-15.0725,-57.1811,71.51,97,46,3.69
552,Arkhangelskoye,RU,2022-03-23 05:38:56,55.8549,35.3287,32.74,90,21,4.7
553,Boffa,GN,2022-03-23 05:38:57,10.1667,-14.0333,75.51,89,14,2.86
554,Banjarmasin,ID,2022-03-23 05:35:48,-3.3244,114.591,91.54,48,100,2.84
555,Wadi Musa,JO,2022-03-23 05:38:57,30.3222,35.4793,40.01,69,23,10.36
556,Iquitos,PE,2022-03-23 05:34:45,-3.7481,-73.2472,75.24,100,75,2.3
